Cluster_ID,Size,Representative_Terms,All_Terms
10,316,"Aerocolia, Talalgia, Dermatite seborreica, miastenia grave, Vitiligo, Boca seca, infarto medular, Weil, Síndrome de, Beribéri, Ozena","['bronquiolite', 'congestão nasal', 'febre', 'frieira', 'tosse', 'urticária', 'acidente vascular cerebral isquêmico', 'acidose metilmalônica', 'alergia asmática', 'amiloidose sistêmica senil', 'angina instável', 'angiografia de retina', 'apoptose', 'atrofia espinhal progressiva tardia', 'barriga de cerveja', 'beta-amilóide', 'broncoconstrição', 'bulimia nervosa', 'câncer de pele', 'carcinogênese química', 'choque hemorrágico', 'choque séptico', 'cirurgia fetal a céu aberto', 'colite hemorrágica', 'coréia de sydenham', 'craniossinostose', 'crise hipoglicêmica', 'degeneração macular relacionada à idade', 'depressão alastrante de leão', 'derrame pleural', 'disfunção velofaríngea', 'distrofia muscular progressiva', 'distúrbio do sono', 'doença da vaca louca', 'doença isquêmica do coração', 'encefalopatia espongiforme felina', 'encefalopatia espongiforme bovina', 'epilepsia de lobo temporal mesial', 'epilepsia pós-traumática', 'esclerose lateral amiotrófica', 'esclerose múltipla', 'esclerose sistêmica', 'febre do oeste do nilo', 'fibrilação ventricular', 'hipernasalidade', 'hiperplasia epitelial', 'infarto medular', 'infecção perinatal', 'insuficiência cardíaca grave', 'insuficiência renal aguda', 'lesão medular', 'leucemia mielóide aguda', 'leucemia mielóide crônica', 'linfoma de burkitt', 'lúpus eritematoso sistêmico', 'mal de alzheimer', 'metaplasia intestinal', 'miastenia grave', 'mielomeningocele', 'mucosite oral', 'porfíria aguda intermitente', 'ptose palpebral', 'reabsorção dentária', 'síndrome da fadiga crônica', 'síndrome da rubéola congênita', 'síndrome de turner', 'síndrome do desconforto respiratório', 'síndrome respiratória aguda severa', 'síndrome hemolítica urêmica', 'transtorno cognitivo', 'transtorno do pânico', 'transtorno obsessivo compulsivo', 'tumor de walker', 'vírus respiratório sincicial', 'leucoplasia', 'decúbito', 'púrpura', 'encefalopatia', 'leucemia', 'esquizofrenia', 'nefrótico', 'produtivo', 'teratológico', 'Abcesso dentário', 'Abcessos cutâneos', 'Abstinência Alcoólica', 'Acromegalia', 'Aerocolia', 'Afeções Gástricas e Esofágicas', 'Afonia', 'Aftas', 'Alcoolismo Agudo', 'Alcoolismo Crónico', 'Alzheimer', 'Amigdalite', 'Anemia na gravidez', 'Angina de peito ou Angina “pectoris”', 'Angioma', 'Anorexia nervosa', 'Apendicite aguda', 'Apneia do sono', 'Artrite reumatóide', 'Asma', 'Ataque epiléptico', 'Aterosclerose', 'Balanopostite', 'Barotraumatismo', 'Beribéri', 'Bipolar', 'Boca seca', 'Bronquite aguda', 'Bronquite crónica', 'Bruxismo', 'Cálculo renal', 'Cancro', 'Cancro da bexiga', 'Cancro de Cabeça e Pescoço', 'Carcinoma Basocelular', 'Carcinoma de Células Escamosas', 'Cárie dentária', 'Cirrose hepática', 'Cleptomania', 'Cólera', 'Cólica abdominal', 'Colite ulcerosa', 'Coma', 'Creutzfeldt-Jakob, Doença de', 'Crohn, Doença de', 'Daltonismo', 'Delirium Tremens ', 'Dermatite atópica', 'Dermatite atópica ou eczema atópico', 'Dermatite crónica das mãos e dos pés', 'Dermatite de contacto', 'Dermatite de estase', 'Dermatite esfoliativa generalizada', 'Dermatite numular', 'Dermatite por comichão localizada', 'Dermatite seborreica', 'Dermatofibroma', 'Desnutrição', 'Disfunção eréctil', 'Dislexia', 'Doença celíaca', 'Doença de Gaucher', 'Doença Pulmonar Obstrutiva Crónica ', 'Dor de dentes', 'DST (Doenças Sexualmente Transmissíveis)', 'Ejaculação precoce', 'Enxaqueca', 'Esclerodermia', 'Esclerose Tuberosa', 'Escorbuto', 'Fadiga crónica', 'Fibroma', 'Fibromialgia', 'Fibropapiloma', 'Fobia social', 'Galactosemia', 'Gastrite aguda', 'Gastrite crónica', 'Gigantismo', 'Glicemia', 'Golpe de calor', 'Golpe de calor (Insolação)', 'Gota', 'Gravidez ectópica', 'Guillain-Barré, Síndroma de', 'Halitose e Alteração do Paladar', 'Hemangioma', 'Hematomacrose', 'Hemocromatose Hereditária Primária', 'Hemocromatose Secundária', 'Hemorróidas', 'Hepatite A', 'Hepatite auto-imune', 'Hepatite B', 'Hepatite C', 'Hipersónia primária', 'Hipertrofia Benigna da Próstata (HBP)', 'Hipertrofia gengival', 'Hodgkin, Doença de', 'Idiotia', 'Incontinência urinária', 'Incontinência verbal', 'Infertilidade', 'Insuficiência cardíaca', 'Intolerância à lactose', 'Intolerância alimentar', 'Intoxicação pelo álcool', 'Iodo, Excesso de', 'Jogo patológico', 'Kaposi, Sarcoma de', 'Kawasaki, Síndroma de', 'Kwashiorkor', 'Lábio leporino', 'Lalofobia', 'Língua negra cabeluda', 'Lumbago agudo', 'Mal nutrição', 'Mama, Cancro da', 'Melanoma', 'Melasmo', 'Menopausa prematura', 'Miocardiopatia dilatada', 'Miocardiopatia hipertrófica', 'Miocardiopatia restritiva', 'Míope', 'Morte Súbita Cardíaca', 'Morte súbita, Síndrome de', 'Munchausen, Síndrome de', 'Narcolepsia', 'Nariz entupido no bebé', 'Nascimento prematuro', 'Náuseas e vómitos', 'Nefropatia diabética', 'Neuropatia diabética', 'Nevo', 'Nevos atípicos', 'Nevos dérmicos', 'Nicotina, Abstinência de', 'Niemann-Pick, Doença de', 'Nocturnos, Terrores', 'Nódoa negra', 'Obnubilação', 'Obstipação na gravidez', 'Olfacto, Perturbação do', 'Oligospaniomenorreia', 'Oncocitoma', 'Onirismo', 'Orgasmo, Perturbação do', 'Osteoartrose', 'Osteopetrose', 'Ovário, Cancro do', 'Ozena', 'Paragem cardíaca', 'Parassónia', 'Parkinson, Doença de', 'Piromania', 'Pulpite', 'Queilite', 'Quemose', 'Queratose Actínica', 'Queratose seborreica', 'Quincke, Doença de', 'Raiva', 'Raynaud, Doença de', 'Refsum, Doença de', 'Resfriado', 'Reumatismo', 'Ricto', 'Rinite Alérgica', 'Rinorragia', 'Romberg, Sinal de', 'Rubéola Congénita, Sindroma de', 'Sarna', 'Scheuermann, Doença de', 'Sensibilidade dos dentes', 'Septicemia', 'Serosidade', 'Sida', 'Sigmatismo', 'Simulação', 'Síndroma da Boca Queimada', 'Síndrome de Angelman', 'Síndrome de Sjögren', 'Spina bífida', 'Talalgia', 'Talassemia', 'Taquicronia', 'Terrores nocturnos, Perturbação de', 'Tetraplegia', 'Tiroidite', 'Tiroidite de Hashimoto', 'Tiroidite granulomatosa subaguda', 'Tiroidite linfocitária silenciosa', 'Torpor', 'Tourette, Perturbação de Gilles de la', 'Tricotilomania', 'Trissomia 21', 'Úlcera Gástrica', 'Unha encravada', 'Vaquez, Doença de', 'Varíola', 'Variz', 'Verruga filiforme', 'Verruga genital ou condiloma acuminado', 'Verruga peri-ungueal', 'Verruga plana juvenil', 'Vigorexia ', 'Virilismo', 'Vitiligo', 'Von Willebrand, Doença de', 'Waterhouse-Friedrichsen, Síndrome de', 'Weil, Síndrome de', 'Werner, Síndrome de', 'Wernicke, Afasia de', 'West, Síndrome de', 'Whipple, Tríade de', 'Wilms, Tumor de', 'Wilson, Doença de', 'Wiskott-Aldrich, Síndrome de', 'Wolff-Parkinson-White, Síndrome de', 'Wolman, Doença de', 'X-Frágil, Síndrome do', 'Xantodermia', 'Xantose', 'Xeroderma pigmentosa', 'Xerodermia', 'Xerofagia', 'Zellweger, Síndrome de', 'Zincopenia', 'Zollinger-Ellison, Síndrome de', 'Zona', 'Zoopsia', 'Zumbido']"
2,240,"ensovibep, atibuclimab, zilucoplan, acalabrutinib, peplómero, imunoglobulina M, heparina, tixagevimab, azitromicina, cobicistat","['acalabrutinib', 'ácido desoxirribonucleico', 'ácido ribonucleico', 'ADG20', 'agente biológico', 'alunacedase alfa', 'ambroxol', 'AMY-101', 'anacinra', 'antiálgico', 'ansiedade de antecipação', 'antigénio', 'antirretroviral', 'antivírico', 'apilimod', 'achatar a curva', 'apremilast', 'ASC09F', 'ensaio clínico aleatorizado', 'ensaio clínico em tripla ocultação', 'ensaio clínico controlado', 'cuidados hospitalares', 'cuidados primários', 'atibuclimab', 'auto-inflamação', 'aviptadil', 'azitromicina', 'bamlanivimab', 'baricitinib', 'bemcentinib', 'bevacizumab', 'boceprevir', 'brensocatib', 'brequinar', 'brincidofovir', 'bromexina', 'broncodilatador', 'bronquíolo', 'budesonida', 'camostat', 'camrelizumab', 'canacinumab', 'cápside', 'casirivimab', 'cassete', 'CD24Fc', 'cenicriviroc', 'ciclesonida', 'citocina', 'gato-de-algália', 'clazacizumab', 'clofazimina', 'cloroquina', 'coagulopatia', 'cobicistat', 'colchicina', 'comissão de bioética', 'comorbilidade', 'conestate alfa', 'contágio', 'coronavírus', 'coronavírus responsável pela COVID-19', 'coronavírus MERS-CoV', 'coronavírus responsável pela SARS', 'COVID-19', 'cultura', 'danoprevir', 'darunavir', 'defesas', 'dexametasona', 'falta de ar', 'luto', 'dor no peito', 'eculizumab', 'vacina Moderna', 'emapalumab', 'envelope viral', 'embolia pulmonar', 'emtricitabina', 'emvododstat', 'enoxaparina', 'enpatoran', 'ensovibep', 'ensaio de imunoadsorção enzimática', 'zaragatoa', 'peplómero', 'estudo clínico', 'estudo de fase 0', 'etesevimab', 'exaustão mental', 'fadiga pandêmica', 'favipiravir', 'fenofibrato', 'ferritina', 'fibrinogénio', 'fingolimod', 'esfregaço', 'galidesivir', 'Gam-COVID-Vac', 'desinfetante das mãos', 'gimsilumab', 'goflikicept', 'gotícula respiratória', 'luva', 'contagem sanguínea', 'heparina', 'hepatotoxicidade', 'hidroxicloroquina', 'higienização das mãos', 'hipoxemia', 'história clínica', 'espécie hospedeira', 'ibuprofeno', 'icatibant', 'imdevimab', 'imunitário', 'imunidade adquirida', 'imunidade específica intencional', 'imunidade específica espontânea', 'imunidade específica passiva', 'imunização ativa', 'imunocromatografia', 'imunogenicidade', 'imunoglobulina', 'imunoglobulina G', 'imunoglobulina M', 'infeção', 'infodemia', 'inibidor da enzima conversora da angiotensina', 'interferão beta', 'desidrogenase láctica', 'lanadelumab', 'lenzilumab', 'leronlimab', 'linfócito', 'célula B', 'célula de memória', 'célula T', 'linfocitopenia', 'lopinavir', 'macrófago', 'marcador inflamatório', 'tonturas', 'máscara facial', 'máscara autofiltrante', 'máscara comunitária', 'máscara cirúrgica', 'medicalizar', 'avaliação do dano corporal', 'memória imunológica', 'meplazumab', 'metilprednisolona', 'molnupiravir', 'monitorização', 'morte digna', 'exsudado nasofaríngeo', 'exsudado orofaríngeo', 'mupadolimab', 'nafamostat', 'novo normal', 'NVX-CoV2373', 'OP-101', 'opaganib', 'oseltamivir', 'otilimab', 'tratamento com oxigénio', 'pangolim', 'parasita', 'patogenicidade', 'pemziviptadil', 'pessoa com maior risco de contrair COVID-19', 'desidrodidemnina B', 'prednisolona', 'princípio da não-maleficência', 'proteína C-reativa', 'proteína spike', 'teste de diagnóstico por PCR', 'teste de diagnóstico rápido', 'teste serológico', 'morcego', 'morcego-de-ferradura-pequeno', 'ravulizumab', 'reação em cadeia da polimerase', 'regdanvimab', 'reabilitação respiratória', 'remdesivir', 'resposta imunitária', 'retrovírus', 'ribavirina', 'ritonavir', 'ARN mensageiro', 'ruxolitinib', 'salto entre espécies', 'medicina do trabalho', 'sarilumab', 'selinexor', 'sepsia', 'serologia', 'seroterapia', 'serotipagem', 'sinal', 'siltuximab', 'síndrome de dificuldade respiratória aguda', 'síndrome de dificuldade respiratória neonatal', 'síndrome respiratória aguda grave', 'síndrome respiratória  do Médio Oriente', 'rapamicina', 'sonda', 'sotrovimab', 'talidomida', 'teletrabalho', 'tempestade de citocinas', 'tempo de Quick', 'tenofovir', 'análise de anticorpos', 'tixagevimab', 'tocilizumab', 'vacina contra a COVID-19 da Pfizer/ BioNTech', 'TRV027', 'cânula nasal', 'umifenovir', 'vacina Oxford', 'vacina BBIBP-CorV', 'vacina Convidecia', 'CVnCoV', 'vacina ARNm', 'vacina Janssen', 'vacina Sinovac', 'vacina antiviral', 'vafidemstat', 'variante', 'variante de preocupação', 'taxa de reprodução empírica', 'via de administração', 'vidofludimus', 'partícula viral', 'vírus', 'vorapaxar', 'colapso circulatório', 'zilucoplan']"
8,199,"número básico de reprodução, incapacidade temporária, rastreio de contactos, infeção associada aos cuidados de saúde, isolamento, testagem em massa, quarentena, sazonalidade, autoridade de saúde, levantamento do desconfinamento","['limitação do esforço terapêutico', 'ageusia', 'agrupamento', 'isolamento', 'isolado de vírus', 'alta n f', 'ensaio clínico em ocultaçao', 'ensaio clínico em dupla ocultação', 'ensaio de intervenção comunitária', 'tratamento da dor', 'cuidados ao domicílio', 'ATYR1923', 'auto-amostragem', 'autoridade de saúde', 'bolha alargada', 'bolha', 'surto epidemiológico', 'cadeia epidemiológica', 'carga antigénica', 'carga viral', 'caso', 'caso confirmado', 'caso descartado', 'doente zero', 'caso possível', 'capuz', 'quadro clínico', 'taxa de vacinação', 'população vulnerável em risco', 'confinamento', 'cerca sanitária', 'contacto próximo', 'contágio imediato', 'contágio indireto', 'contagiosidade', 'contenção', 'controlo', 'curva de contágio', 'COVID-19 persistente', 'rastreio', 'dazcapistat', 'delegado de segurança', 'desconfinamento', 'levantamento do desconfinamento', 'desinfetante', 'deteção precoce', 'D-dímero', 'incapacidade', 'disfonia', 'distância de segurança', 'distanciamento de segurança', 'dose de reforço', 'ageísmo', 'efetividade vacinal', 'eficácia vacinal', 'eficiência vacinal', 'emergência de saúde pública', 'iniciador', 'endemia', 'epidemiologia', 'equipamento de proteção individual', 'erradicação', 'acontecimento adverso', 'esperança de vida', 'esperança de vida sem incapacidade', 'sazonalidade', 'estado de alerta', 'estudo farmacológico', 'estudo exploratório', 'estudo de confirmação', 'estudo de vigilância pós-comercialização', 'estudo pré-clínico', 'mortalidade excessiva', 'apoio extraordinário à manutenção  de contrato de trabalho', 'extubação', 'fator de risco', 'falha vacinal', 'falha vacinal primária', 'falha vacinal secundária', 'falso negativo', 'falso positivo', 'falta de concentração', 'fase de contenção', 'fase de mitigação', 'exaustão', 'fómite', 'genoma', 'grave', 'grupo bolha', 'grupo de risco', 'saúde pública', 'hipoestesia gustativa', 'hospedeiro intermédio', 'imunidade ativa', 'imunidade comunitária', 'imunidade congénita', 'incapacitação permanente', 'incapacidade temporária', 'incidência acumulada', 'infeção associada aos cuidados de saúde', 'infeção por gotículas', 'infeciologia', 'infiltrado', 'inteligência artificial', 'interferão', 'justiça distributiva', 'latência', 'máscara', 'MEDI 3506', 'medida de contenção', 'náuseas', 'nebulização', 'nebulizador', 'abstenção de tratamento', 'distanásia', 'vaga', 'Organização Mundial de Saúde', 'pandemia', 'viseira', 'certificado COVID', 'patogénico', 'calendário de vacinação', 'fase de incubação', 'período de infeção', 'perícia médico-legal', 'pico de contágio', 'plano de contingência para  a COVID-19', 'população-alvo', 'população sentinela', 'polaina', 'prevalência', 'vacinação primária', 'princípio da beneficência', 'princípio da precaução', 'priorização', 'proteína estrutural', 'teste de antigénio', 'teste combinado', 'local de injeção', 'qualidade de vida', 'quarentena', 'ficar em quarentena', 'colocado em quarentena', 'radiómica', 'rastreio de contactos', 'rastreador', 'RAV', 'reação sistémica', 'reação local', 'nova vaga epidémica', 'recaída', 'recidiva', 'recrudescência', 'reinfeção', 'respiração artificial', 'ventilador', 'revacinação', 'serviço nacional de saúde', 'uso de locais ou espaços públicos  para fins sanitários', 'sedação', 'seroprevalência', 'serviço de prevenção', 'semiologia', 'sindemia', 'cepa', 'socialização', 'subasumstat', 'supercontagiador', 'suporte vital', 'suscetível', 'taquisistolia', 'taxa de contágio', 'taxa de letalidade', 'taxa de mortalidade', 'telemedicina', 'tempo de recuperação', 'testagem em massa', 'título de anticorpos', 'recolher obrigatório', 'pano antiembaciamento', 'rastreabilidade', 'tratamento em ambulatório', 'transmissível', 'transmissão comunitária', 'transmissão horizontal', 'transmissão vertical', 'traqueotomia', 'triagem', 'unidade de cuidados intensivos', 'uso compassivo', 'vacina COVID-19', 'vacina profilática', 'variante de interesse', 'número básico de reprodução', 'número efetivo de reprodução', 'viricida', 'virulência', 'emese', 'zoonótico']"
9,198,"sináptico, fisiológico, taquifilaxia, espectro, ectópico, Insolação (golpe de calor), insuficiência, regressão, cardiogénico, androgénico","['contacto', 'diagnóstico', 'imune', 'imunológico', 'incubação', 'mortalidade', 'mutação', 'sequela', 'doença reemergente', 'estímulo aversivo', 'icterícia fisiológica', 'catálise', 'potenciação', 'potencialização', 'anamnésia', 'aderência', 'aeróbio', 'mediador', 'lesão', 'análogo', 'androgénico', 'antagonista', 'antecedente', 'predisposição', 'identificação', 'inibição', 'atonia', 'pico do débito', 'aura', 'ausência', 'auto-imune', 'basal', 'experimental', 'empírico', 'benigno', 'bifásico', 'bilateral', 'reactividade', 'específico', 'cardiogénico', 'causal', 'recombinante', 'cíclico', 'cinético', 'indicação', 'cirúrgico', 'clínico', 'cognitivo', 'comatoso', 'comensal', 'condição', 'congénito', 'integridade', 'constitucional', 'vigilância', 'conversão', 'imobilização', 'físico', 'correlação', 'estabilização', 'crónico', 'cronotrópico', 'homogéneo', 'idiopático', 'monocomponente', 'ocasional', 'de(s)compensação', 'degenerativo', 'intraindividual', 'pós-operativo', 'diatermia', 'diátese', 'diferenciação', 'difusão', 'digitalização', 'remissão', 'disfunção', 'diurno', 'iatorgénico', 'dominância', 'ectópico', 'efeito de ressonância', 'taquifilaxia', 'endémico', 'endógeno', 'interindividual', 'espectro', 'esporádico', 'estado de equilíbrio', 'imaturidade', 'esterilização', 'etiologia', 'observação', 'exógeno', 'manifestação', 'factor de risco', 'fase', 'reconvalescença', 'fenómeno', 'validez', 'físico-químico', 'fisiológico', 'fixação', 'microvilosidade', 'fotofobia', 'micrografia', 'fracção de ejecção', 'insuficiência', 'genético', 'geriátrico', 'hipocondria', 'hospitalização', 'in vivo', 'inerente', 'indirecto', 'inespecífico', 'inoperável', 'interacção', 'intermitente', 'intrínseco', 'isotónico', 'letal', 'límbico', 'lítico', 'maníaco', 'prevenção', 'mental', 'psíquico', 'metastase', 'mobilidade', 'mobilização', 'molecular', 'morbidez(a)', 'patológico', 'tique', 'seroconversão', 'neurovegetativo', 'neutralização', 'niilidade', 'nosocomial', 'reinfecção', 'superinfecção', 'objectivo', 'oncótico', 'opalescente', 'ortostático', 'paciente de risco', 'segmento', 'transferência', 'pediátrico', 'perioperativo', 'sintomático', 'rotineiramente', 'pós-traumático', 'positivo', 'postural', 'pré-clínico', 'pré-operatório', 'pré-sinático', 'preliminar', 'prematuro', 'próximo', 'psicogénico', 'psicomotor', 'psicossomático', 'psiquiátrico', 'qualitativo', 'subclínico', 'sistémico', 'sinergético', 'reversível', 'tónico', 'sedentário', 'sistemático', 'recorrente', 'resposta', 'reactivação', 'ressuscitação', 'recidivista', 'redução', 'regressão', 'traumático', 'vestibular', 'sináptico', 'venéreo', 'vegetativo', 'localização', 'sintomatologia', 'termal', 'tremor intencional', 'Insolação (golpe de calor)', 'Nanismo', 'Narcísica, Perturbação', 'Poligrafia', 'Queimadura solar', 'Sinalgia', 'Triplopia', 'Xenofilia']"
7,186,"traqueíte, colangite, celulite, encefalite, tenossinovite, pielite, neurite, uveíte, sinusite, sinovite","['conjuntivite', 'eczema', 'fibrose', 'inflamação', 'pneumonia', 'câncer de boca', 'câncer de colo de útero', 'câncer de estômago', 'câncer de mama', 'câncer de próstata', 'câncer de pulmão', 'câncer de tireóide', 'câncer gástrico', 'encefalopatia espongiforme', 'pneumonia asiática', 'sarcoma de ewing', 'abcesso', 'empiema', 'escabiose', 'acne', 'adenite', 'adenoma', 'cirrose', 'alveolite', 'escarlatina', 'anexite', 'angiite', 'tonsilite', 'angioedema', 'linfangite', 'artralgia', 'artrite', 'artropatia', 'artrose', 'hiperceratose', 'hepatomegalia', 'balanite', 'blefarite', 'bronco-espasmo', 'broncopneumonia', 'bronquectasia', 'bronquite', 'bursite', 'calcificação', 'neoplástico', 'mielomatose', 'carcinoma', 'gânglio', 'catarro', 'gastrite', 'enterite', 'celulite', 'ceratite', 'ceratoconjuntivite', 'úlcera', 'cianose', 'cicloplegia', 'cistite', 'colangite', 'colecistite', 'colelitíase', 'colite', 'colopatia', 'melanose', 'condiloma', 'herpes simplex', 'leucorreia', 'rinorreia', 'coxalgia', 'veia varicosa', 'fibrose cística', 'dendrítico', 'dermatite', 'dermatomicose', 'dermatose', 'pitiríase', 'displasia', 'osteólise', 'disenteria', 'diverticulite', 'pênfigo', 'psoríase', 'neurodermatite', 'eritrasma', 'raquitismo', 'otosclerose', 'pneumopatia', 'tracoma', 'nefropatia', 'glumerolonefrite', 'epigastralgia', 'glossodinia', 'enantema', 'encefalite', 'enfisema', 'enterocolite', 'obstrução', 'epicondilite', 'epistaxe', 'epitelioma', 'eritema', 'esofagite', 'esplenomegalia', 'espondilite', 'estomatite', 'otorrinolaringologia', 'papiloedema', 'faringite', 'flebite', 'fleimão', 'foliculite', 'gastrenterite', 'gengivite', 'glaucoma', 'glossite', 'hepatite', 'hérnia', 'hiperostose', 'prostatismo', 'hipodérmico', 'ileite', 'pioderma', 'iridociclite', 'osteomielite', 'pielonefrite', 'mastoidite', 'peritonite', 'pericardite', 'parotidite', 'paniculite', 'irite', 'laringite', 'pielite', 'prostatite', 'traqueíte', 'salpingite', 'uretrite', 'uveíte', 'meningite', 'tendinite', 'tenossinovite', 'orquite', 'sinusite', 'sinovite', 'paroníquia', 'rinite', 'pancreatite', 'proctite', 'nefrite', 'vulvovaginite', 'vasculite', 'periartrite', 'otite', 'poliartrite', 'retinopatia', 'linfadenopatia', 'linfoma', 'mastite', 'megacolo', 'melanona', 'mieloma', 'miosite', 'necrose', 'rinofaringite', 'neurite', 'polinevrite', 'papilite', 'osteoartrite', 'osteoporose', 'otorreia', 'poliomielite', 'pleurisia', 'ulceração', 'ulcerogénico', 'reumatóide', 'salivação', 'sarcoma', 'xeroftalmia', 'xantoma', 'tubercular', 'tumor', 'úlcera péptica', 'úlcera crural', 'Bócio', 'Lúpus', 'Sialite']"
16,164,"Fenilcetonúria, microtrans, brometo de piridostigmina, fator de crescimento de fibroblastos, videomicroscopia, raman, abeta, nitrato de prata, hemopressina, salgadão","['placebo', 'abeta', 'ácido acetilsalicílico', 'ácido caínico', 'ácido gama-aminobutírico', 'alfa-tocoferol', 'análise biomecânica', 'bainha de mielina', 'bengala instrumentalizada', 'beta-bloqueador', 'bio feedback', 'bioadesão', 'bioengenheiro', 'bioinformática', 'biologia reprodutiva', 'biologia sistêmica', 'biomarcador', 'biomembrana', 'bioprótese', 'bipsoro eletrônico', 'bisturi óptico', 'blockbuster', 'brometo de piridostigmina', 'câmara de cintilação híbrida', 'capsulotomia anterior estereotáxica por gamma-knife', 'caramboleira', 'cavidade pleural', 'célula multipotencial', 'ceratoscopia', 'chá de quebra-pedra', 'cingulotomia anterior', 'clonagem reprodutiva', 'clonagem terapêutica', 'complexo de vanádio', 'cristalografia de proteínas', 'dermatoscopia', 'dicroismo circular', 'droga neuroativa', 'éfedra', 'efeito placebo', 'elisa indireto', 'encapsulamento molecular', 'endotelina', 'ensaio clínico duplo-cego', 'enxerto orgânico', 'enzima cicloxigenase', 'enzima conversora da angiotensina I', 'enzima de reparo', 'enzima degradadora de insulina', 'epidemiologia matemática', 'eritropoetina', 'erva-de-são-joão', 'espectrometria de massa', 'espectroscopia de fluorescência', 'espectroscopia de ressonância nuclear magnética', 'extrato de alho', 'extrato de pariparoba', 'falcoemulsificação', 'falsa operação', 'fator de estimulação de colônia de granulócito', 'fator de crescimento de fibroblastos', 'fototrombose mediada pela indocianina verde', 'galantamina', 'gene dinámico', 'gene expresso', 'genes do imprinting', 'genética molecular', 'genoma mitocondrial', 'glicosímetro', 'glucoíris', 'hemopressina', 'hemopure', 'hidrocarboneto policíclico aromático', 'hidroxiapatita', 'hormônio de crescimento', 'hormônio de crescimento biossintético', 'hormônio regulador', 'insulina encapsulada', 'insulina transgênica', 'interferon gama', 'isoflavona aglicona', 'jacalina', 'jogador patológico', 'kava-kava', 'leptina', 'lopap', 'mão de são carlos', 'medicina à distância', 'medicina comportamental', 'memantina', 'microagulha', 'microesferas biodegradáveis', 'microscopia eletrônica de varredura', 'microtrans', 'muleta instrumentalizada', 'neuromorfometria', 'neurônio biônico', 'nitrato de prata', 'núcleo mediano da rafe', 'núcleo paraventricular', 'odontogeriatria', 'óxido nítrico', 'perlecan', 'pinça óptica', 'potencial evocado', 'prótese de Takimoto', 'raman', 'razão de chances', 'rede neural artificial', 'ressonância magnética funcional', 'retinol binding protein', 'sal de escopolamina', 'salgadão', 'sistema endócrino', 'sistema límbico', 'sistema nervoso parassimpático', 'sistema nervoso periférico', 'sistema de temporização', 'soro hiperimune', 'técnica sage', 'técnica de sorting', 'teleconsulta', 'terapia de reposição hormonal', 'terapia fotodinâmica', 'terapia gênica', 'terminal nervoso simpático', 'teste de carga viral', 'teste de exercício cardiorrespiratório', 'transcriptoma', 'transtirretina', 'tula de besouro', 'tunicato', 'ubiquitina', 'vacina autóloga', 'videodermatoscópio', 'videomicroscopia', 'xenotransplante', 'auscultação', 'biodegração', 'biopsia', 'bioquímico', 'tolerância', 'farmacocinética', 'complacente', 'electrofisiológico', 'estomatológico', 'farmacodinâmica', 'mímica', 'farmacológico', 'histológico', 'inervação', 'neurotransmissor', 'oftalmológico', 'toxicológico', 'serológico', 'Alergia alimentar', 'Fabulação', 'Fenilcetonúria', 'Hemofilia A e B', 'Langerhans, Ilhéus de', 'Menopausa artificial', 'Picada de abelha', 'Seropositividade', 'Silicose']"
3,164,"febril, prurítico, dispareunia, aniónico, emésis, inactivo, prurido, hidrófobo, escamoso, líbido","['febrícula', 'pródromo', 'tosse produtiva', 'tosse seca', 'biochip', 'líquor', 'samambaia das taperas', 'aberrante', 'aborto', 'secundário', 'concomitante', 'habitual', 'cumulativo', 'aerofagia', 'alérgico', 'atópico', 'alerta', 'nutriente', 'cavidade', 'ambulante', 'idêntico', 'anatómico', 'anidro', 'aniónico', 'anterógrado', 'antipruriginoso', 'aplasia', 'aquoso', 'eructação', 'autónomo', 'jacto', 'recipiente', 'betablocante', 'canal', 'caudal', 'mastócito', 'odor', 'ciática', 'periódico', 'cicloderma', 'claudicação', 'enema', 'clónico', 'dispareunia', 'colestase', 'escamoso', 'comedão', 'prurido', 'competitivo', 'conjugado', 'simultâneo', 'progressivo', 'paradoxal', 'partícula', 'corrimento', 'vítreo', 'esputo', 'lacrimal', 'nocturno', 'unilateral', 'supino', 'sedimento', 'esfoliação', 'líbido', 'difteria', 'difuso', 'diplopia', 'directo', 'disartria', 'duplamente cego', 'ecografia', 'elástico', 'electivo', 'sigmóide', 'quiescente', 'inactivo', 'emésis', 'energético', 'oculto', 'espasmódico', 'hermético', 'potencial', 'extremo', 'fatal', 'febril', 'ferropénico', 'flácido', 'fontanela', 'gangrena', 'maciço', 'hidrófobo', 'higiénico', 'hipnótico', 'homólogo', 'icterícia', 'in situ', 'inorgânico', 'incidental', 'inclusivo', 'indicativo', 'infantil', 'lábil', 'intacto', 'invasivo', 'ionograma', 'irreversível', 'juvenil', 'licor', 'liposoma', 'local', 'loco-regional', 'locomotor', 'luético', 'maligno', 'pernicioso', 'máximo (adj)', 'megaloblástico', 'motor', 'propulsivo', 'mutismo', 'selectivo', 'multípara', 'múltiplo', 'nadir', 'passivo', 'trófico', 'oculogiro', 'óptimo', 'orofacial', 'ortopédico', 'paroxísmico', 'transitório', 'reflexivo', 'perene', 'persistente', 'ph', 'polivalente', 'polimorfo', 'posterior', 'subagudo', 'precursor', 'primário', 'protectivo', 'prurítico', 'quaternário', 'retrógrado', 'soporífico', 'quelação', 'residual', 'septo', 'soluço', 'stress', 'subconjuntival', 'supositório', 'supressivo', 'tono', 'tétano', 'tinea pedis', 'tinitus (aurium)', 'torcicolo', 'torsade de pointes', 'veículo', 'umeroscapular', 'voluntário']"
5,160,"acidose, hipoxemie, catabolismo, hipervolemia, hipervitaminose, hipercapnia, salúrico, azotemia, ceto-acidose, anemia aplástica","['diarreia', 'fagocitose', 'hipoxia', 'oxigenação', 'imunização', 'apicoplasto', 'coagulopatia de consumo', 'estresse oxidativo', 'hemoderivado', 'hiperbilirrubinemia', 'homocisteína', 'homocistinúria', 'ilhota pancreática', 'pró-insulina', 'secreção de prolactina', 'ressorção', 'aminoácido', 'acidose', 'protrombina', 'açúcar invertido', 'uremia', 'esteatose', 'agamaglobulinémia', 'uricossúrico', 'agranulocitose', 'albumina', 'alcalóide', 'alcalose', 'alcilação', 'lipodistrofia', 'amina', 'anemia aplástica', 'antígeno', 'diabetes', 'hiperbárico', 'eosinofilia', 'hiperlipidemia', 'hipercapnia', 'hiperuricemia', 'leucocitose', 'hipervolemia', 'azotemia', 'biossíntese', 'biotransformação', 'calcemia', 'calciúria', 'carboidrato', 'catabolismo', 'químio-receptor', 'ceto-acidose', 'citocrómio', 'citostático', 'co-enzima', 'coagulação', 'colagénio', 'colerético', 'colesterol', 'lipoproteína', 'síntese', 'osmolalidade', 'osmolaridade', 'congestão', 'metabolismo', 'retenção', 'deplecção', 'creatinemia', 'cristalização', 'cristalúria', 'leucopenia', 'ingestão', 'sedimentação', 'tofo', 'depuração', 'microssómico', 'diaforese', 'diálise', 'oliguria', 'hipoxemie', 'hipocalemia', 'pacitopenia', 'hipoglicemia', 'granulopenia', 'discrasia', 'distrofia', 'diurese', 'mitose', 'polipeptídeo', 'poliúria', 'emético', 'endotóxico', 'renina', 'protéase', 'transaminase', 'eritropoiese', 'homeostase', 'estase', 'esteatorreia', 'hiperglicemia', 'obesidade', 'hipercalemia', 'hipervitaminose', 'natriurese', 'seborreia', 'fermentação', 'fezes', 'melena', 'fibrina', 'glicose', 'glicósido', 'glicosúria', 'leucócito', 'glúten', 'lípido', 'viscosidade', 'hemólise', 'hematúria', 'hemopoiético', 'hidrófilo', 'hidrólise', 'hiperaldosteronismo', 'hipersecreção', 'hipertrofia', 'hipovitaminose', 'incontinência', 'incorporação', 'mineralização', 'mielossupressão', 'neutropenia', 'toxemia', 'ionização', 'mal-absorção', 'tálamo', 'pigmentação', 'membrana celular', 'metabolito', 'metabolização', 'metaplasia', 'metemoglobinemia', 'miótico', 'mononucleose', 'necrólise', 'neutrófilo', 'oligoelemento', 'osmótico', 'suspensão', 'permeabilidade', 'plasminogénio', 'porfíria', 'prostaglandina(s)', 'proteína plasmática', 'proteolítico', 'purulento', 'salúrico', 'trivalente', 'reidratação', 'salino', 'tirostático', 'Iodo, Deficiência de', 'Siderose', 'Trigliceridemida']"
4,154,"Verruga plantar, intertrigo, Divertículos, priapismo, hipertricose, escotoma, subcutâneo, ptose, ossificação, opistótono","['exsudado', 'intubação', 'osseointegração', 'pele artificial', 'tumor de erlich', 'perioral', 'acrocianose', 'adsorção', 'prolapso', 'alopecia', 'âmnio', 'osteomalacia', 'ampola', 'aneurisma', 'anisocoria', 'furunculose', 'opistótono', 'ascite', 'percutâneo', 'transcutâneo', 'atrofia', 'hipertricose', 'borborigmo', 'esclerótica', 'cânula', 'capilar', 'nodoso', 'cárie', 'catarata', 'cateterismo', 'lúmen', 'cerúmen', 'quelóide', 'citoplasma', 'cloasma', 'coloníquia', 'tubular', 'fístula', 'maculopapular', 'tricíclico', 'fasciculação', 'contratura', 'contusão', 'livedo', 'córnea', 'rágade', 'córtice', 'cutâneo', 'malformação', 'osteodistrofia', 'dentição', 'dermatológico', 'dermografia', 'hirsutismo', 'erosão', 'deslocação', 'luxação', 'protrusão', 'despigmentação', 'estrabismo', 'dilatação', 'telangiectasia', 'discóide', 'distensão', 'proptose', 'doença de raynaud', 'mastodinia', 'edema', 'papilar', 'vesicular', 'induração', 'liquenificação', 'esclerose', 'glote', 'intersticial', 'epidérmico', 'epidural', 'epitélio', 'erecção', 'priapismo', 'exantema', 'numular', 'escotoma', 'estruma(s)', 'esfíncter', 'trismo', 'espástico', 'estenose', 'estria', 'paracentese', 'extensão', 'extracelular', 'microscópico', 'facial', 'pseudo-tumor', 'ligamento', 'fissura', 'laceração', 'supuração', 'ossificação', '(d)escamação', 'sequestro', 'hemiplegia', 'hipoplasia', 'impetigo', 'inserção', 'incarceração', 'incisivo', 'intertrigo', 'integumentário', 'mácula', 'mastigatório', 'mecela', 'pénis', 'nistagmo', 'muco', 'mucocutâneo', 'mucopurulento', 'mucosa', 'oclusão', 'oculomucocutâneo', 'ossículo', 'pápula', 'punção', 'paravenoso', 'região', 'película líquida', 'piloerecção', 'petéquias', 'pernas sem repouso', 'placa dentária', 'supraventricular', 'retrobulbar', 'retroesternal', 'prepúcio', 'válvula', 'prótese', 'pseudomembranoso', 'ptose', 'purgativo', 'pustuloso', 'quisto', 'reabsorção', 'regeneração', 'regurgitação', 'torção', 'rotura', 'xerostomia', 'subcutâneo', 'Divertículos', 'Quiromegalia', 'Quisto sebáceo', 'Verruga plantar', 'Xerasia']"
0,147,"hipertermia, hiperalgesia, discinesia, hiperestesia, hipertonia, acatisia, atetose, hipotermia, Gargalestesia, agalactia","['anosmia', 'arritmia', 'assintomático', 'astenia', 'cefaleia', 'convalescença', 'hipoestesia olfativa', 'insónia', 'mialgia', 'crise de pânico', 'abstinência', 'acatisia', 'micção', 'taquicardia', 'acinesia', 'afasia', 'agalactia', 'agitação', 'alcoolismo', 'alergia', 'alergia cruzada', 'idiossincrasia', 'demência', 'disgeusia', 'alucinação', 'ambliopia', 'amnésia', 'sonambulismo', 'anemia', 'anergia', 'anestesia', 'enurese', 'anorexia', 'anoxia', 'anúria', 'apatia', 'apneia', 'ataxia', 'atetose', 'hipotrofia', 'hiperestesia', 'hipertermia', 'hipertensão', 'hipertonia', 'hiperplasia', 'pirose', 'hipotermia', 'bradicardia', 'bradicinesia', 'bradipneia', 'hidrocefalia', 'taquiarritmia', 'contractibilidade', 'caquexia', 'cefalalgia', 'hemeralopia', 'hipotenso', 'normotenso', 'síndroma', 'convulsão', 'espasticidade', 'eclampsia', 'coreia', 'epilepsia', 'delírio', 'mania', 'paranóia', 'dependência', 'disforia', 'tenesmo', 'desidratação', 'obstipação', 'dispneia', 'disúria', 'disfagia', 'discinesia', 'surdez', 'dispepsia', 'distonia', 'doença de parkinson', 'gastralgia', 'letargia', 'grande mal', 'erupção', 'pertosse', 'espasmo', 'tetania', 'hiperestimulação', 'irritação', 'estupor', 'euforia', 'hipercenesia', 'excitação', 'exoftalmia', 'hiperidrose', 'motilidade', 'miastenia', 'hiperpirexia', 'flatulência', 'fobia', 'fotossensibilidade', 'fotossensibilização', 'frigidez', 'hiperalgesia', 'hematémese', 'hiper-reflexia', 'hiperémese', 'hipersensibilidade', 'hipogonadismo', 'hipomania', 'miopia', 'hipotensão', 'hipotonia', 'impotência', 'inércia', 'intolerância', 'nictúria', 'indisposição', 'miopatia', 'náusea', 'nervosidade', 'neuralgia', 'neuropatia', 'prisão de ventre', 'palpitação', 'paralisia', 'paraplegia', 'paresia', 'parestesia', 'petit mal; epilepsia menor', 'síncope', 'polidipsia', 'prognose', 'psicose', 'retardamento', 'ronco', 'rouquidão', 'secreção', 'vertigem', 'sonolência', 'toxicomania', 'xantopsia', 'vómito', 'zona de pressão', 'Gargalestesia', 'Mitomaníaco', 'Palpitações']"
14,145,"anorectal, mamário, bulbar, colorectal, atrial, entero-hepático, parietal, clitórico, sinusal, hipofisário","['brônquio', 'córtex cingulado', 'periorbital', 'abdómen', 'abdominal', 'anal', 'anginoso', 'anogenital', 'anorectal', 'ânus', 'arteriolar', 'articular', 'atrial', 'átrio', 'atrioventricular', 'auditivo', 'aural', 'auricular', 'biliar', 'broncoconstricção', 'bronquial', 'bucal', 'bucofaríngeo', 'bulbar', 'cardíaco', 'cardiorespiratório', 'cateter', 'cerebelar', 'cerebral', 'cerebrospinal', 'cervical', 'clitórico', 'cloaca', 'coclear', 'colorectal', 'complexo qrs', 'flora intestinal', 'cortical', 'craniano', 'cromossómico', 'exócrino', 'digestivo', 'distal', 'lumbago', 'dorsal', 'duodeno', 'dura-máter', 'perianal', 'entero-hepático', 'intercostal', 'intervertebral', 'epifisário', 'epigástrico', 'espinal', 'esquelético', 'gonioscopia', 'extra-renal', 'extracorporal', 'extrapiramidal', 'extremidade', 'fálico', 'fecal', 'femoral', 'periférico', 'gastrintestinal', 'gastro-esofágico', 'gastroduodenal', 'genital', 'geniturinário', 'glomerular', 'gonádico', 'hemorróides', 'hepático', 'hepatobiliar', 'hepatocelular', 'hipofisário', 'hipotalámico', 'humoral', 'íleo', 'inguinal', 'intestinal', 'intraocular', 'intratecal', 'jejuno', 'lenticular', 'lobo', 'lombar', 'mamário', 'maxilar', 'medular', 'tímpano', 'mesentérico', 'peristaltismo', 'muscular', 'musculatura', 'nasal', 'nasolacrimal', 'neural', 'neurológico', 'neuromuscular', 'neuronal', 'ocular', 'oftálmico', 'óptico', 'oral', 'orbital', 'palpebral', 'paratiróide', 'parênquima', 'parietal', 'pélvico', 'péptico', 'peridual', 'perineal', 'piloro', 'sublingual', 'precordial', 'pulmonar', 'transruretal', 'rectal', 'urogenital', 'respiratório', 'retinal', 'sinusal', 'ventricular', 'visceral', 'vaginal', 'visual', 'somático', 'sinovial', 'vagal', 'renal', 'torácico', 'umeral', 'ventral', 'vulvar', 'testicular', 'sensorial', 'venoso', 'vertebral', 'revestimento intestinal', 'subaracnóide', 'subcapsular', 'tracto (gastrintestinal)', 'urinário']"
13,133,"Zigomicose, mal de lutz, febre maculosa, Escabiose ou sarna vulgar, extrato de camapu, Tifóide, Febre, Molusco Contagioso, mal de chagas, Paludismo, piolho de cama","['imunidade', 'zoonose', 'antimonial pentavalente', 'araraquara', 'avium', 'bacilo de koch', 'baciloscopia', 'bactéria entero-hemorrágica', 'barriga d’água', 'chip de DNA', 'cromoblastomicose', 'crotoxina', 'diarréia do viajante', 'elisa in house', 'equinácea', 'esquistossomicida', 'extrato de camapu', 'febre maculosa', 'gomesina', 'hantavirose', 'imunossensor amperométrico', 'leishmaniose cutâneo-mucosa', 'leishmaniose tegumentar americana', 'mal da vaca louca', 'mal de chagas', 'mal de creutzfeldt-jacob', 'mal de lutz', 'mamica de cadela', 'metapneumovírus', 'microflora intestinal', 'mimivírus', 'papiloma vírus', 'pata-de-vaca', 'piolho de cama', 'pluma grande', 'poliparasitismo', 'rato de rabo peludo', 'sagüi de tufo branco', 'tripanossomíase americana', 'tripanossomicida', 'vacina de DNA', 'vacina quádrupla', 'varicela-zoster', 'vírus amarílico', 'vírus cantagalo', 'largo espectro', 'anaeróbio', 'anti-séptico', 'antibiograma', 'antifúngico', 'antraz', 'assepsia', 'asséptico', 'bacilo', 'bacteriemia', 'bacteriológico', 'bacteróide', 'varíola bovina', 'candidíase', 'carcinogénico', 'infecção cruzada', 'séptico', 'ictiose', 'dermatofitia', 'oportunista', 'micose', 'toxoplasmose', 'varicela', 'penicilinase', 'epidemiológico', 'erisipela', 'pediculose', 'fungistático', 'fungo', 'microspório', 'germicida', 'gonorreia', 'influenza', 'herpes zóster', 'piogénico', 'septicémia', 'linfocítico', 'quimioterápico', 'tuberculostático', 'micobactéria', 'micológico', 'micótico', 'microrganismo', 'microbiológico', 'saprófito', 'mucociliar', 'protozoário', 'parasítico', 'patógeno', 'primeira vacinação', 'viral', 'resistência cruzada', 'rubéola', '(herpes) zóster', 'Amebíase', 'Blenorragia', 'Botulismo', 'Brucelose', 'Clamídia', 'Crupe', 'Escabiose ou sarna vulgar', 'Gripe', 'Hepatite D', 'Hepatite E', 'Hepatite G', 'Herpes Genital', 'HPV - Vírus do Papiloma Humano', 'Infecção urinária', 'Linfadenite', 'Malária', 'Molusco Contagioso', 'Onicomicose', 'Paludismo', 'Papeira', 'Pediculose púbica', 'Sarampo', 'Sífilis', 'Tifóide, Febre', 'Triquinose', 'Tsé-Tsé, Mosca', 'Tuberculose', 'Verruga', 'VIH', 'West Nile, Vírus', 'Whipple, Doença', 'Yersinia pestis', 'Yersinose', 'Zigomicose']"
15,130,"análise, retroacção, cálculo, intervenção, manifesto, compensação, barreira, instabilidade, convencional, concentração","['epidemia', 'incidência', 'transmissão', 'acomodação', 'adaptação', 'actividade', 'adequado', 'adicional', 'adolescente', 'adulto', 'agregação', 'alimentar', 'modificar', 'alternativo', 'ambiente', 'análise', 'indicar', 'artificial', 'assistolia', 'insulto', 'avaliação', 'barreira', 'substrato', 'biológico', 'bloqueio', 'cálculo', 'deficiência', 'ciclo', 'circulação', 'clássico', 'classificação', 'combinação', 'compensação', 'complementar', 'complemento', 'complexo', 'componente', 'concentração', 'concreto', 'condução', 'confusão', 'conselho', 'conserva', 'contínuo', 'convencional', 'coordenação', 'corresponder', 'incisão', 'critério', 'curva', 'equivalente', 'repetitivo', 'degradação', 'dependente', 'derivado', 'detecção', 'evolução', 'perversão', 'disposição', 'distribuição', 'documento', 'paciente', 'dose', 'efectivo', 'efeito', 'eficaz', 'eliminação', 'emocional', 'ensaio', 'prova', 'enzima', 'episódio', 'estabilidade', 'estrutural', 'externo', 'produção', 'instabilidade', 'fertilidade', 'terminal', 'humor', 'função', 'fundamental', 'gradual', 'obsessão', 'relevante', 'instrução', 'individual', 'infecção', 'inicial', 'inspiração', 'interferência', 'interno', 'intermediário', 'interpretação', 'intervenção', 'lateral', 'linear', 'tópico', 'manifesto', 'substância', 'membrana', 'procedimento', 'organismo', 'orientação', 'paralelo', 'trânsito', 'percepção', 'permanente', 'população', 'precipitação', 'prescrição', 'primeira passagem', 'proporcional', 'proteína', 'psicológico', 'químico', 'receptor', 'recuperação', 'referência', 'reflexo', 'regional', 'retroacção', 'responder', 'significante', 'substituição', 'teórico', 'título', 'tubo', 'uniforme', 'visão']"
11,125,"anafiláctico, antimitótico, imunossupressor, antiácido, anticolinérgico, antitumor, shitake, revulsivo, anti-inflamatório, antimicótico","['antibiótico', 'anticorpo', 'antipirético', 'imunogénico', 'adjuvante genético', 'alumã', 'astemizol', 'cogumelo-do-sol', 'falsa arnica', 'shitake', 'simocaína', 'acth', 'adrenérgico', 'sensibilização', 'adrenolítico', 'adstringente', 'mucolítico', 'ceratolítico', 'relaxante', 'agonista', 'alérgeno', 'anabólico', 'anafiláctico', 'analéptico', 'analgésico', 'anestésico', 'anti-helmíntico', 'anti-hipertensivo', 'anti-histamina', 'anti-infeccioso', 'anti-inflamatório', 'antiácido', 'antialérgico', 'antianginoso', 'antiarrítmico', 'antiasmático', 'antibacteriano', 'antibioterapia', 'antineoplástico', 'anticoagulante', 'anticolinérgico', 'anticonvulsivante', 'antidepressivo', 'antidiabético', 'antidiurético', 'antidopaminérgico', 'antídoto', 'antiemético', 'antiepiléptico', 'antiestrogénico', 'antiexudativo', 'antifibrinolítico', 'antiflogístico', 'revulsivo', 'antimicótico', 'antimicrobiano', 'antimitótico', 'antioxidante', 'antiproliferativo', 'antipsicótico', 'antispasmódico', 'antitoxina', 'antitrombótico', 'antitumor', 'antitússico', 'antiviral', 'anxiolítico', 'aromático', 'atóxico', 'bactericida', 'bacteriostático', 'betamimético', 'neuroléptico', 'sedativo', 'cardiosselectivo', 'cardiotónico', 'cardiotóxico', 'citotóxico', 'colinérgico', 'tirotoxicose', 'contraceptivo', 'corticosteróide', 'demulcente', 'descongestionante', 'desintoxicação', 'diurético', 'midriático', 'emoliente', 'endócrino', 'espasmolítico', 'espermicida', 'estimulante', 'estrogénio', 'expansor plasmático', 'expectorante', 'psicoléptico', 'fibrinolítico', 'gonadotrópico', 'hepatotóxico', 'hormonal', 'mineralocorticóide', 'somatrotopina', 'imunossupressor', 'teratogénico', 'inotrópico', 'pacemaker', 'lipofílico', 'mielotóxico', 'miorrelaxante', 'morfinomimético', 'mutagénico', 'nefrotóxico', 'neurotóxico', 'oncolítico', 'ototóxico', 'paliativo', 'parassimpaticomimétrico', 'pirogénico', 'psicotrópico', 'vasoactivo', 'trombolítico', 'tensioactivo', 'vagolítico', 'transdérmico', 'simpaticomimético']"
1,124,"dessensibilização, aerossol, ergotismo, laxativo, excipiente, narcótico, refractário, bio-equivalente, curarizar, excreção","['aerossol', 'reservatório', 'vacina', 'vacina de Wuhan', 'catuama', 'curativo biocompatível', 'curativo de hidrogel', 'microarray', 'micrograma', 'aspiração', 'reconstituição', 'activo', 'aditivo', 'adjuvante', 'prémedicação', 'aplicação', 'instilação', 'parenteral', 'agente', 'alcalina', 'alternar', 'pós-prandial', 'inalação', 'pulverizador', 'peroral', 'base', 'bio-disponibilidade', 'bio-equivalente', 'blister', 'buloso', 'capacidade vital', 'cáustico', 'cicatrização', 'colírio', 'coloidal', 'compatível', 'electrólito', 'conservador', 'contra-indicação', 'correcção', 'cosmético', 'curarizar', 'curativo', 'dador', 'desinfectante', 'dessensibilização', 'destilar', 'fungicida', 'detergente', 'didralcoólico', 'solvente', 'emulsionar', 'dosagem', 'overdosagem', 'dose de ataque', 'overdose', 'dose única', 'dose-padrão', 'droga', 'efeito colateral', 'toxicidade', 'excreção', 'maceração', 'emulsão', 'intoxicação', 'ergotismo', 'espécie', 'esteróide', 'excipiente', 'extracto', 'farmacêutico', 'fármaco', ""'blister'"", 'galénico', 'gram-negativo', 'gram-positivo', 'grânulos', 'hidratação', 'hidroxilação', 'indução', 'infundir', 'infusão', 'injecção', 'injecção bolus', 'salicismo', 'irrigação', 'laxativo', 'massagem', 'medicação', 'médico', 'medicinal', 'medicamento', 'opiato', 'tranquilizante', 'profilaxia', 'meio de contraste', 'micronizar', 'miscível', 'modulador', 'monoterapia', 'multidose', 'narcótico', 'vial', 'perfusão', 'potência', 'politerapia', 'posologia', 'pré-medicação', 'solução', 'produto liofilizado', 'semi-sintético', 'resistente', 'terapêutico', 'quimioterapia', 'radioterapia', 'reagente', 'refractário', 'soro', 'suplemento', 'terapia', 'tóxico', 'toxina', 'transfusão', 'vacinação']"
12,122,"de(s)polarização, extra-sístole, exacerbação, esfoladela, retracção, incompatível, distorção, variabilidade, termorregulação, despersonalização","['sintoma', 'ventilação', 'depressão', 'perfuração', 'extracção', 'abrupto', 'absorção', 'hipótese', 'oxidação', 'acidez', 'acidental', 'activar', 'acuidade', 'acumulação', 'regulação', 'afinidade', 'agravação', 'agressividade', 'agudo', 'alastrar', 'ansiedade', 'anomalia', 'anormal', 'aproximado', 'assistir', 'associação', 'atípico', 'atraso', 'replicação', 'automatismo', 'camada superficial', 'capacidade', 'variabilidade', 'factor', 'choque', 'comoção', 'complicação', 'estado', 'conjugação', 'contaminação', 'contracção', 'retracção', 'crise', 'curetagem', 'de(s)polarização', 'decoro', 'défice', 'excessivo', 'dissociação', 'prejudicial', 'esfoladela', 'desorientação', 'despersonalização', 'diâmetro', 'distorção', 'drenagem', 'tremulação', 'inteligência', 'normalização', 'estandardizar', 'estatístico', 'evacuação', 'exacerbação', 'exceptuado', 'expiração', 'extra-sístole', 'privação', 'filtração', 'flexão', 'variação', 'refluxo', 'focalização', 'fracção', 'fractura', 'lassitude', 'frequência', 'intensidade', 'hereditariedade', 'implicação', 'inadequado', 'incompetência', 'tendência', 'incompatível', 'investigação', 'infiltração', 'invalidar', 'intervalo', 'isolar', 'mecanismo', 'virilização', 'máximo (subst)', 'mediano', 'mediar', 'minimizar', 'mínimo (adj)', 'mínimo (subst)', 'transformação', 'negativo', 'parâmetro', 'penetração', 'período de latência', 'pós-carga', 'pré-carga', 'preparação', 'tensão', 'proliferação', 'reprodução', 'quantitativo', 'radioactividade', 'reacção', 'reavaliação', 'termorregulação', 'rigidez', 'rotatividade', 'rubor', 'senilidade', 'sopro', 'subjectivo', 'supervisão', 'tardio', 'tremor', 'urgência']"
17,103,"isquemia, vasomotor, Miocardiopatias, endocardite, vasodilatação, ação vasoconstritora, tromboembolismo, tromboflebite, vasoconstrição, angioneurótico","['radiografia', 'trombo', 'trombose', 'ação vasoconstritora', 'artrodistrator', 'biópsia óptica', 'broncodilatação', 'cirurgia a céu aberto', 'coagulação intravascular disseminada', 'enxerto periférico heterólogo', 'insuficiência cardíaca crônica', 'isquemia cerebral', 'líquido cefalorraquidiano', 'pleurodese', 'radiocirurgia', 'topógrafo intracirúrgico', 'veia porta', 'perivascular', 'anastomose', 'hipertiroidismo', 'hipotiroidismo', 'angina de peito', 'angioneurótico', 'arritmogénico', 'arterial', 'artério-venoso', 'arteriografia', 'arteriosclerose', 'ateromatose', 'cardiomegália', 'trombocitose', 'pulsação', 'broncopulmonar', 'nefrólito', 'endotélio', 'cardiológico', 'cardiomiopatia', 'cardiopatia', 'cardiopulmonar', 'cardiovascular', 'cerebrovascular', 'cistoscopia', 'colangiografia', 'colapso', 'enfarte', 'fibrilação', 'cor pulmonar', 'coronário', 'osteotomia', 'ressecção', 'efusão', 'extravasação', 'equimose', 'desfibrilhação', 'diastólico', 'hemofilia', 'dilatação pupilar', 'vasodilatação', 'isquemia', 'trombocitopenia', 'hipovolemia', 'hiperventilação', 'hemopatia', 'electrocardiografia', 'electroencefalografia', 'embolismo', 'endocardite', 'endoscopia', 'hemoptise', 'hemostasia', 'vasoconstrição', 'hiperemia', 'extravascular', 'hemodiálise', 'flebografia', 'microcirculação', 'hematológico', 'hematoma', 'hemoperfusão', 'hemorragia', 'tromboflebite', 'miocardite', 'intervalo qt', 'intramuscular', 'intravascular', 'intravenoso', 'meteorismo', 'neuroleptanalgesia', 'neurótico', 'tromboembolismo', 'plexo', 'vasomotor', 'vasopressor', 'urografia', 'tomografia', 'radiológico', 'vascular', 'sistólico', 'renovascular', 'transplantação', 'Esofagite de refluxo', 'Miocardiopatias', 'Vasoplegia']"
6,70,"impregnação, nidação, lóquios, episiotomia, oligomenorreia, spotting, metrorragia, puerpério, ovulação, anovulatório","['trocáter', 'castração', 'amenorreia', 'anovulatório', 'pré-natal', 'pós-parto', 'apresentação', 'ginecomastia', 'azospermia', 'menopausa', 'coito', 'colo do útero', 'concepção', 'contracepção', 'corpo lúteo', 'lóquios', 'episiotomia', 'defecação', 'involução', 'pós-natal', 'ovulação', 'oligomenorreia', 'disgenesia', 'dismenorreia', 'ejaculação', 'galactorreia', 'in vitro', 'embrião', 'endometriose', 'espermatogénese', 'preeclampsia', 'pirexia', 'esterilidade', 'passagem', 'menorragia', 'impregnação', 'fetal', 'fetoplacentário', 'fetotóxico', 'lactação', 'procriação', 'gestação', 'ginecológico', 'gravidez', 'metrorragia', 'histerectomia', 'progestogeno', 'implantação', 'nidação', 'pessário', 'útero', 'menarca', 'menstruação', 'nulípara', 'neonatal', 'obstetrício', 'ocitócico', 'ooforectomia', 'orgasmo', 'ovárico', 'óvulo', 'parto', 'spotting', 'perinatal', 'puberdade', 'puerpério', 'placenta', 'pós-menopáusico', 'pré-menstrual', 'vagotonia']"
